month,sample_size,nucleotide_diversity,country
2019-12-01,22,1.4271442842871414e-4,China
2020-01-01,416,1.384505719551263e-4,China
2020-02-01,579,2.3692966974286464e-4,China
2020-03-01,290,3.133656617471341e-4,China
2020-04-01,84,2.454656100350463e-4,China
2020-05-01,5,2.0931449502878077e-4,China
2020-06-01,18,4.6343323654248023e-4,China
2020-07-01,9,1.598930170358742e-4,China
2020-08-01,35,8.597412287190085e-4,China
2020-09-01,14,4.83045489633473e-4,China
2020-10-01,13,1.6101115002213905e-4,China
2020-12-01,9,7.414210782812869e-4,China
2021-01-01,19,0.00111548516670509,China
2021-03-01,47,3.343174900587319e-4,China
2021-04-01,66,0.00104287014062489,China
2021-05-01,95,0.00171652730739852,China
2021-06-01,120,0.00104315097799907,China
2021-07-01,119,0.00113849838045578,China
2021-08-01,111,7.1358051246143e-4,China
2021-09-01,266,2.757022004746525e-4,China
2021-10-01,98,0.00111735353551045,China
2021-11-01,229,3.865905316811147e-4,China
2021-12-01,80,0.00454876379287392,China
2022-01-01,392,0.00409078737385225,China
2022-02-01,193,0.00286223160991161,China
2022-03-01,714,6.472901244536897e-4,China
2022-04-01,337,8.039652590491657e-4,China
2022-05-01,737,1.843809696102924e-4,China
2022-06-01,259,0.00141569765769679,China
2022-07-01,265,9.577451084793816e-4,China
2022-08-01,687,4.612602697787603e-4,China
2022-09-01,456,4.4293765598268193e-4,China
2022-10-01,548,7.7104661585919e-4,China
2022-11-01,981,5.005001962866879e-4,China
2022-12-01,984,6.08694820423911e-4,China
2023-01-01,990,5.358251622102243e-4,China
2023-02-01,986,7.586750705126637e-4,China
2023-03-01,990,0.00109348189075787,China
2023-04-01,948,0.00289537935152719,China
2023-05-01,934,0.00140765488080927,China
2023-06-01,925,0.00138213116540232,China
2023-07-01,937,0.00142019336329723,China
2023-08-01,930,0.00116327266356853,China
2023-09-01,904,0.00102513745885184,China
2023-10-01,899,0.00107727146417286,China
2023-11-01,916,0.00169221799204266,China
2023-12-01,781,0.00534151333305257,China
2024-01-01,733,0.0057716768759702,China
2024-02-01,889,0.00161190605488697,China
2024-03-01,905,0.00100194023913046,China
2024-04-01,901,8.624845853346735e-4,China
2024-05-01,889,0.00103282951143487,China
2024-06-01,850,9.68284453829404e-4,China
2024-07-01,898,0.00110704013619242,China
2024-08-01,886,0.00129288659692381,China
2024-09-01,757,0.00148199232853644,China
2024-10-01,283,0.00163080260400555,China
2024-11-01,143,0.00182103332373148,China
2024-12-01,188,0.00168003627685685,China
2025-01-01,43,0.00129090791912923,China
2025-02-01,64,0.00222679436970898,China
2020-01-01,11,4.757147614290472e-5,Japan
2020-02-01,134,7.017639851971202e-5,Japan
2020-03-01,653,1.872195628541716e-4,Japan
2020-04-01,981,1.086802223133146e-4,Japan
2020-05-01,447,1.769614777438437e-4,Japan
2020-06-01,422,2.985222593570847e-4,Japan
2020-07-01,973,1.9554514303830132e-4,Japan
2020-08-01,977,2.4215664792893752e-4,Japan
2020-09-01,982,3.344395480877649e-4,Japan
2020-10-01,986,3.700140912227404e-4,Japan
2020-11-01,986,3.567166627626388e-4,Japan
2020-12-01,985,4.469690882451783e-4,Japan
2021-01-01,970,6.717728373450361e-4,Japan
2021-02-01,982,0.00104004140523985,Japan
2021-03-01,992,0.00152139098324209,Japan
2021-04-01,973,0.00112181439931944,Japan
2021-05-01,968,7.524860619859839e-4,Japan
2021-06-01,919,0.00103593113653201,Japan
2021-07-01,923,0.00175363159475223,Japan
2021-08-01,898,5.700421498014752e-4,Japan
2021-09-01,934,3.47219394125345e-4,Japan
2021-10-01,971,4.834179344885021e-4,Japan
2021-11-01,809,6.665986571794164e-4,Japan
2021-12-01,988,0.00452354662101512,Japan
2022-01-01,963,9.302074084838612e-4,Japan
2022-02-01,889,6.43212968234077e-4,Japan
2022-03-01,927,0.00203883372032216,Japan
2022-04-01,959,0.00128938924765708,Japan
2022-05-01,952,6.111063291349623e-4,Japan
2022-06-01,970,7.344006600506408e-4,Japan
2022-07-01,968,5.491397367992262e-4,Japan
2022-08-01,929,3.4995890454979687e-4,Japan
2022-09-01,981,4.0306869784818334e-4,Japan
2022-10-01,975,6.116676961703462e-4,Japan
2022-11-01,921,9.73939952607716e-4,Japan
2022-12-01,895,0.0012167901603319,Japan
2023-01-01,892,0.00161074250175416,Japan
2023-02-01,895,0.00188029538752769,Japan
2023-03-01,900,0.00330129007598928,Japan
2023-04-01,846,0.00273706825432047,Japan
2023-05-01,712,0.00241698837556941,Japan
2023-06-01,611,0.00218221338799803,Japan
2023-07-01,582,0.00217829517341548,Japan
2023-08-01,609,0.0023022179721852,Japan
2023-09-01,616,0.00260591986416386,Japan
2023-10-01,641,0.00275449871581152,Japan
2023-11-01,635,0.00394820615318435,Japan
2023-12-01,594,0.00549623853093463,Japan
2024-01-01,565,0.00610058742595965,Japan
2024-02-01,678,0.0046972613299053,Japan
2024-03-01,598,0.00306843825159747,Japan
2024-04-01,597,0.00228835872648743,Japan
2024-05-01,593,0.00154559761117445,Japan
2024-06-01,741,8.577302438900311e-4,Japan
2024-07-01,748,6.591245658117982e-4,Japan
2024-08-01,760,6.215703352670549e-4,Japan
2024-09-01,800,7.26748405636762e-4,Japan
2024-10-01,791,8.884541758286753e-4,Japan
2024-11-01,658,0.00117160602555274,Japan
2024-12-01,841,0.00122782707538424,Japan
2025-01-01,810,0.00127433465962367,Japan
2025-02-01,750,0.0012291273657165,Japan
2020-01-01,6,0,South Korea
2020-02-01,135,9.470642022170095e-5,South Korea
2020-03-01,109,2.304379761784742e-4,South Korea
2020-04-01,24,2.682961167340442e-4,South Korea
2020-05-01,201,1.3173275433403365e-4,South Korea
2020-06-01,270,1.502591714741429e-4,South Korea
2020-07-01,290,2.5870917013540113e-4,South Korea
2020-08-01,324,1.1752698543962954e-4,South Korea
2020-09-01,145,2.755555387847732e-4,South Korea
2020-10-01,200,3.761175772833055e-4,South Korea
2020-11-01,347,3.174732706129134e-4,South Korea
2020-12-01,447,4.7754875628897866e-4,South Korea
2021-01-01,404,9.28118380972284e-4,South Korea
2021-02-01,795,8.11717866937318e-4,South Korea
2021-03-01,988,6.785705889131782e-4,South Korea
2021-04-01,974,0.00186477264486466,South Korea
2021-05-01,981,0.00267797127434699,South Korea
2021-06-01,899,0.00274732462264006,South Korea
2021-07-01,810,0.00248384526325757,South Korea
2021-08-01,909,0.00123562252167377,South Korea
2021-09-01,862,7.695665880124851e-4,South Korea
2021-10-01,870,7.426386168756539e-4,South Korea
2021-11-01,953,6.314460995765717e-4,South Korea
2021-12-01,905,0.00152542701711542,South Korea
2022-01-01,682,0.00441950747653516,South Korea
2022-02-01,709,0.00180339654625087,South Korea
2022-03-01,804,0.00166411732649831,South Korea
2022-04-01,765,3.946217287951787e-4,South Korea
2022-05-01,775,3.9373367395969736e-4,South Korea
2022-06-01,839,7.65771471543255e-4,South Korea
2022-07-01,764,5.732281092389463e-4,South Korea
2022-08-01,772,3.69327359092709e-4,South Korea
2022-09-01,820,5.620227579977183e-4,South Korea
2022-10-01,803,7.397033458952822e-4,South Korea
2022-11-01,794,0.00165076125410834,South Korea
2022-12-01,717,0.00239647270339704,South Korea
2023-01-01,737,0.00247494802916538,South Korea
2023-02-01,709,0.00230723057334828,South Korea
2023-03-01,702,0.00299364437372072,South Korea
2023-04-01,666,0.00272131932459221,South Korea
2023-05-01,611,0.00175918403097192,South Korea
2023-06-01,658,0.00147903672089915,South Korea
2023-07-01,656,0.00166264426405168,South Korea
2023-08-01,674,0.00170854384962113,South Korea
2023-09-01,773,0.00164632373564586,South Korea
2023-10-01,718,0.00138824600673941,South Korea
2023-11-01,657,0.0020597155119165,South Korea
2023-12-01,651,0.00553573612312454,South Korea
2024-01-01,838,0.00337187779256381,South Korea
2024-02-01,697,8.283257640393797e-4,South Korea
2024-03-01,779,7.670933878714277e-4,South Korea
2024-04-01,955,9.244845779254264e-4,South Korea
2024-05-01,157,0.00108008364231045,South Korea
2024-06-01,139,0.00298736940145084,South Korea
2024-07-01,718,0.00139506271304227,South Korea
2024-08-01,889,0.00126446920553555,South Korea
2024-09-01,371,0.00125138590504052,South Korea
2024-10-01,158,0.00132336251181061,South Korea
2024-11-01,127,0.00123672020395024,South Korea
2024-12-01,105,0.0015479248949865,South Korea
2025-01-01,118,0.00192933095550443,South Korea
2025-02-01,129,0.00199472710581623,South Korea
2020-01-01,10,1.0466333418440196e-4,Singapore
2020-02-01,39,7.981281325224863e-5,Singapore
2020-03-01,368,2.690674508760241e-4,Singapore
2020-04-01,440,2.266904120390865e-4,Singapore
2020-05-01,164,3.4557387201809695e-4,Singapore
2020-06-01,126,4.4257790229330706e-4,Singapore
2020-07-01,114,5.019041585792891e-4,Singapore
2020-08-01,53,4.984490385683831e-4,Singapore
2020-09-01,33,5.709769531128864e-4,Singapore
2020-10-01,59,7.635281132325023e-4,Singapore
2020-11-01,50,9.491049863177894e-4,Singapore
2020-12-01,92,0.00107387797135299,Singapore
2021-01-01,138,0.00148566516124663,Singapore
2021-02-01,91,0.0016937704630981,Singapore
2021-03-01,172,0.00229586092036627,Singapore
2021-04-01,378,0.00267135591695887,Singapore
2021-05-01,577,0.0010413851272804,Singapore
2021-06-01,353,5.747122771061145e-4,Singapore
2021-07-01,968,1.818620716755602e-4,Singapore
2021-08-01,986,1.9034471162559009e-4,Singapore
2021-09-01,988,3.098497814242012e-4,Singapore
2021-10-01,916,3.879277027567427e-4,Singapore
2021-11-01,909,4.494808992353286e-4,Singapore
2021-12-01,957,0.0046296876008662,Singapore
2022-01-01,947,0.00296438420024123,Singapore
2022-02-01,864,0.0020069161117045,Singapore
2022-03-01,962,8.622992877151876e-4,Singapore
2022-04-01,972,4.617780294167518e-4,Singapore
2022-05-01,988,5.711420414538103e-4,Singapore
2022-06-01,987,7.954993753314593e-4,Singapore
2022-07-01,981,0.00115269233997981,Singapore
2022-08-01,992,0.00118775147064534,Singapore
2022-09-01,984,0.0026466364431242,Singapore
2022-10-01,958,0.00256856474335682,Singapore
2022-11-01,964,0.00282056242056897,Singapore
2022-12-01,979,0.00297877075543975,Singapore
2023-01-01,964,0.0033432170154061,Singapore
2023-02-01,952,0.00310868646552474,Singapore
2023-03-01,881,0.00194411955532432,Singapore
2023-04-01,815,0.00147121483596308,Singapore
2023-05-01,832,0.00140575081574465,Singapore
2023-06-01,895,0.00146510685198691,Singapore
2023-07-01,730,0.00165786996738275,Singapore
2023-08-01,697,0.00173427681847597,Singapore
2023-09-01,988,0.00139989860595458,Singapore
2023-10-01,985,0.00150384975040021,Singapore
2023-11-01,975,0.00525023762020903,Singapore
2023-12-01,989,0.00384044650393181,Singapore
2024-01-01,967,7.101957076288687e-4,Singapore
2024-02-01,208,8.871661998478071e-4,Singapore
2024-03-01,162,0.00115263588639685,Singapore
2024-04-01,736,9.295634576563888e-4,Singapore
2024-05-01,986,9.0217090850084e-4,Singapore
2024-06-01,986,0.00102776023198386,Singapore
2024-07-01,515,0.00142837973681447,Singapore
2024-08-01,260,0.00142430453651312,Singapore
2024-09-01,259,0.00160079346798217,Singapore
2024-10-01,395,0.00168504051472584,Singapore
2024-11-01,320,0.00194360462351783,Singapore
2024-12-01,449,0.00216308759989439,Singapore
2025-01-01,257,0.00225943994258453,Singapore
2025-02-01,243,0.0024150086159398,Singapore
2020-03-01,167,6.45305405390711e-4,India
2020-04-01,468,4.490316552795471e-4,India
2020-05-01,845,4.435705234107335e-4,India
2020-06-01,877,4.617236173893944e-4,India
2020-07-01,647,4.4070112446812824e-4,India
2020-08-01,810,5.629443534526563e-4,India
2020-09-01,727,6.344216305018069e-4,India
2020-10-01,565,7.571879451002636e-4,India
2020-11-01,497,8.75951063618908e-4,India
2020-12-01,579,0.00112783794271373,India
2021-01-01,589,0.00137549691073973,India
2021-02-01,477,0.00196723699064188,India
2021-03-01,456,0.0021858039907186,India
2021-04-01,403,0.00164225005799583,India
2021-05-01,287,9.206893492015416e-4,India
2021-06-01,422,9.456425968602774e-4,India
2021-07-01,353,8.555292622791465e-4,India
2021-08-01,423,9.525066001164284e-4,India
2021-09-01,430,0.00109447073032587,India
2021-10-01,441,0.00110450668719208,India
2021-11-01,385,0.00129684408935973,India
2021-12-01,344,0.00481437449826835,India
2022-01-01,302,0.00189755039378304,India
2022-02-01,388,6.82093358734333e-4,India
2022-03-01,283,0.00100257752248951,India
2022-04-01,442,0.00101649792592623,India
2022-05-01,429,0.00138449319324817,India
2022-06-01,425,0.0015150111357073101,India
2022-07-01,374,0.00211112873684389,India
2022-08-01,327,0.00247746280196396,India
2022-09-01,463,0.00211699290431788,India
2022-10-01,469,0.00249024940900163,India
2022-11-01,232,0.00236850870358148,India
2022-12-01,372,0.00422669853435286,India
2023-01-01,265,0.00410189181627059,India
2023-02-01,188,0.00298327723841274,India
2023-03-01,389,0.00190512983593397,India
2023-04-01,240,0.00176832949453046,India
2023-05-01,199,0.00211089816147511,India
2023-06-01,34,0.00280882071480012,India
2023-07-01,51,0.00176696612766528,India
2023-08-01,45,0.00233158498474786,India
2023-09-01,15,0.00238377843607035,India
2023-10-01,48,0.00171794624643234,India
2023-11-01,34,0.00308690194881843,India
2023-12-01,420,0.0015733499304958,India
2024-01-01,293,0.00149054326564109,India
2024-02-01,45,0.00164417845064584,India
2024-03-01,135,0.00156719343783324,India
2024-04-01,15,0.00108154123481536,India
2024-06-01,33,0.00160666117727926,India
2024-07-01,27,0.00230627558207138,India
2024-08-01,16,0.00306782257435342,India
2025-02-01,6,0.00212218891212858,India
2020-01-01,40,0.00153124144931158,USA
2020-02-01,152,0.00227397191154582,USA
2020-03-01,850,2.2479361771907873e-4,USA
2020-04-01,767,2.1698738395611931e-4,USA
2020-05-01,750,2.6542554708408215e-4,USA
2020-06-01,721,3.3551878257344814e-4,USA
2020-07-01,676,3.943354789714562e-4,USA
2020-08-01,691,4.8570969862389015e-4,USA
2020-09-01,693,5.857516698202171e-4,USA
2020-10-01,636,5.547455672891126e-4,USA
2020-11-01,755,5.662511212401759e-4,USA
2020-12-01,755,8.786937621685153e-4,USA
2021-01-01,680,0.00110207425551196,USA
2021-02-01,613,0.00139594512269073,USA
2021-03-01,665,0.00198710902187593,USA
2021-04-01,721,0.00193966782820271,USA
2021-05-01,753,0.00211988074302234,USA
2021-06-01,725,0.00282962017538478,USA
2021-07-01,671,0.00115539071273203,USA
2021-08-01,666,8.854323471368376e-4,USA
2021-09-01,692,8.84596634755663e-4,USA
2021-10-01,701,9.458557114229516e-4,USA
2021-11-01,756,9.19508969534826e-4,USA
2021-12-01,614,0.00478371872598497,USA
2022-01-01,468,0.00116575773052217,USA
2022-02-01,500,0.00103627719074641,USA
2022-03-01,684,0.00241084999700277,USA
2022-04-01,748,9.402605537365084e-4,USA
2022-05-01,765,8.803097684554742e-4,USA
2022-06-01,822,0.00108004333967896,USA
2022-07-01,841,6.983265680925717e-4,USA
2022-08-01,851,4.399316578445794e-4,USA
2022-09-01,827,6.616525377682553e-4,USA
2022-10-01,813,0.00103280345825046,USA
2022-11-01,784,0.00136653616253661,USA
2022-12-01,776,0.00179547287436761,USA
2023-01-01,746,0.00281057651473972,USA
2023-02-01,720,0.00193012758263819,USA
2023-03-01,648,0.00119487845599044,USA
2023-04-01,626,9.31090951044008e-4,USA
2023-05-01,664,0.00109752795010444,USA
2023-06-01,616,0.00136870097096108,USA
2023-07-01,665,0.00159856800970172,USA
2023-08-01,669,0.00172754468196699,USA
2023-09-01,705,0.00184901608469368,USA
2023-10-01,657,0.00231372671584801,USA
2023-11-01,680,0.00316514102539744,USA
2023-12-01,651,0.00601568753410828,USA
2024-01-01,666,0.00346067774077191,USA
2024-02-01,632,9.521580445616108e-4,USA
2024-03-01,557,0.00130385566254081,USA
2024-04-01,540,0.00110191382479711,USA
2024-05-01,525,0.00147348549386112,USA
2024-06-01,559,0.00128917382418664,USA
2024-07-01,603,0.00119727626056288,USA
2024-08-01,615,0.00119882336692171,USA
2024-09-01,609,0.00114032413411056,USA
2024-10-01,609,0.00113336597517717,USA
2024-11-01,606,0.00132271429300746,USA
2024-12-01,611,0.00148952291840216,USA
2025-01-01,639,0.00178767695499505,USA
2025-02-01,630,0.00198864310081703,USA
2020-03-01,925,1.8602726756378456e-4,Canada
2020-04-01,903,2.228017739002264e-4,Canada
2020-05-01,929,3.174924667219554e-4,Canada
2020-06-01,340,4.229065057797792e-4,Canada
2020-07-01,514,3.562218849841957e-4,Canada
2020-08-01,975,4.701031005402989e-4,Canada
2020-09-01,950,4.141009387246908e-4,Canada
2020-10-01,969,6.176188907670275e-4,Canada
2020-11-01,948,7.415139394567394e-4,Canada
2020-12-01,929,8.920182877427657e-4,Canada
2021-01-01,926,0.00106413059732663,Canada
2021-02-01,887,0.00139744215066344,Canada
2021-03-01,879,0.00205848543395722,Canada
2021-04-01,836,0.00253658019926234,Canada
2021-05-01,904,0.00261172967357303,Canada
2021-06-01,849,0.002817011297548,Canada
2021-07-01,867,0.00179230310205211,Canada
2021-08-01,808,6.852333814207604e-4,Canada
2021-09-01,868,5.59081313832192e-4,Canada
2021-10-01,909,5.042375366303103e-4,Canada
2021-11-01,813,7.465133717671358e-4,Canada
2021-12-01,724,0.00470377900136373,Canada
2022-01-01,701,0.00122293739684563,Canada
2022-02-01,690,0.00150724623249257,Canada
2022-03-01,721,0.0021048772380898,Canada
2022-04-01,916,9.972044638098057e-4,Canada
2022-05-01,914,7.362446916291783e-4,Canada
2022-06-01,884,9.809942337765168e-4,Canada
2022-07-01,882,6.078716917184555e-4,Canada
2022-08-01,882,4.699350902486677e-4,Canada
2022-09-01,884,6.560568667057753e-4,Canada
2022-10-01,857,8.722332297405273e-4,Canada
2022-11-01,876,0.00107391865828058,Canada
2022-12-01,888,0.00118249152514195,Canada
2023-01-01,790,0.00144391023137825,Canada
2023-02-01,686,0.00260354413447639,Canada
2023-03-01,574,0.00275475619681315,Canada
2023-04-01,625,0.00185810300439392,Canada
2023-05-01,616,0.00147728731459083,Canada
2023-06-01,650,0.00138283877757071,Canada
2023-07-01,697,0.0016401226797265,Canada
2023-08-01,562,0.00194474957640419,Canada
2023-09-01,841,0.00197412794249638,Canada
2023-10-01,869,0.00217582350560456,Canada
2023-11-01,828,0.00305121973919739,Canada
2023-12-01,830,0.00582685425523772,Canada
2024-01-01,826,0.0037486681198173,Canada
2024-02-01,893,0.00138834522701568,Canada
2024-03-01,911,0.00118861502222728,Canada
2024-04-01,900,0.0011715162725201,Canada
2024-05-01,925,0.00123017819919131,Canada
2024-06-01,911,0.00114995340592423,Canada
2024-07-01,894,0.00114358409619583,Canada
2024-08-01,858,0.00104797647243581,Canada
2024-09-01,893,9.660909554361222e-4,Canada
2024-10-01,814,9.806058500239974e-4,Canada
2024-11-01,755,0.00113932601082285,Canada
2024-12-01,799,0.00123478796994686,Canada
2025-01-01,696,0.00158847192158278,Canada
2025-02-01,761,0.00172240874505467,Canada
2020-03-01,43,3.413964552722901e-4,Mexico
2020-04-01,408,1.8990641044347697e-4,Mexico
2020-05-01,469,3.2121264377798744e-4,Mexico
2020-06-01,391,4.346449106986507e-4,Mexico
2020-07-01,321,4.687995127452389e-4,Mexico
2020-08-01,299,5.195959783576945e-4,Mexico
2020-09-01,182,8.00833225887513e-4,Mexico
2020-10-01,170,6.489976487722854e-4,Mexico
2020-11-01,353,9.592620118663988e-4,Mexico
2020-12-01,619,0.00107082447322914,Mexico
2021-01-01,653,0.00114510340982993,Mexico
2021-02-01,893,8.538492541591517e-4,Mexico
2021-03-01,739,0.00110205602951321,Mexico
2021-04-01,676,0.00153959297379678,Mexico
2021-05-01,646,0.00264802239143209,Mexico
2021-06-01,700,0.00341822490872585,Mexico
2021-07-01,625,0.00237682518501789,Mexico
2021-08-01,632,0.00152354214252436,Mexico
2021-09-01,760,0.00129282410087074,Mexico
2021-10-01,668,0.00125926668136264,Mexico
2021-11-01,716,0.00130309474061824,Mexico
2021-12-01,612,0.00464582465505139,Mexico
2022-01-01,482,0.00177137583988384,Mexico
2022-02-01,430,0.00104105608082516,Mexico
2022-03-01,449,0.00196594156582689,Mexico
2022-04-01,458,0.00240221815752985,Mexico
2022-05-01,665,0.00139142675947623,Mexico
2022-06-01,632,0.00120953491827656,Mexico
2022-07-01,736,6.342418899260326e-4,Mexico
2022-08-01,780,5.170045108550408e-4,Mexico
2022-09-01,849,7.145319405849889e-4,Mexico
2022-10-01,559,0.00103099314492467,Mexico
2022-11-01,878,0.00123471202868786,Mexico
2022-12-01,726,0.00175127201456972,Mexico
2023-01-01,587,0.00263669908828528,Mexico
2023-02-01,289,0.00228031959347166,Mexico
2023-03-01,392,9.942443964570502e-4,Mexico
2023-04-01,540,6.533685673079514e-4,Mexico
2023-05-01,648,8.310436257542004e-4,Mexico
2023-06-01,410,0.0010757562972515,Mexico
2023-07-01,412,0.00138886606124872,Mexico
2023-08-01,554,0.00150173366768515,Mexico
2023-09-01,298,0.0016314044248089,Mexico
2023-10-01,161,0.00197488884401506,Mexico
2023-11-01,81,0.00291543905304385,Mexico
2023-12-01,123,0.00606112412411589,Mexico
2024-01-01,487,0.00305320042687901,Mexico
2024-02-01,514,0.00185226393806677,Mexico
2024-03-01,243,0.00140753300279911,Mexico
2024-04-01,107,0.00106013625990629,Mexico
2024-05-01,121,0.00163068269000281,Mexico
2024-06-01,182,0.00183826344379256,Mexico
2024-07-01,650,0.00158470709588629,Mexico
2024-08-01,176,0.00151631897510605,Mexico
2024-09-01,36,0.00169425919551082,Mexico
2024-10-01,17,0.00146159384762964,Mexico
2024-12-01,8,0.00202006082322522,Mexico
2025-01-01,17,0.0025558077046138,Mexico
2025-02-01,57,0.00233203208221295,Mexico
2020-01-01,8,2.429543245869777e-4,Australia
2020-02-01,11,1.4272563930290338e-4,Australia
2020-03-01,756,2.7829701895727184e-4,Australia
2020-04-01,314,3.1829901222626636e-4,Australia
2020-05-01,50,4.299803779298063e-4,Australia
2020-06-01,438,4.193437118015792e-4,Australia
2020-07-01,728,2.0865963518307216e-4,Australia
2020-08-01,492,2.902705155504446e-4,Australia
2020-09-01,448,4.539888154427339e-4,Australia
2020-10-01,165,8.407373709300217e-4,Australia
2020-11-01,62,7.557276933085729e-4,Australia
2020-12-01,168,8.239997129894826e-4,Australia
2021-01-01,133,0.00171405498765548,Australia
2021-02-01,100,0.00146350989806155,Australia
2021-03-01,199,0.00184812634535413,Australia
2021-04-01,193,0.00236328674486855,Australia
2021-05-01,116,0.00242115356060818,Australia
2021-06-01,190,0.00173112110083316,Australia
2021-07-01,327,3.747064247409555e-4,Australia
2021-08-01,231,1.9663158919201745e-4,Australia
2021-09-01,568,1.5102657720163966e-4,Australia
2021-10-01,448,4.414668311061149e-4,Australia
2021-11-01,494,5.644979270938767e-4,Australia
2021-12-01,713,0.00429916025539495,Australia
2022-01-01,657,7.04132815251946e-4,Australia
2022-02-01,768,0.00120949406957823,Australia
2022-03-01,863,0.00148554415987614,Australia
2022-04-01,872,5.220385569093014e-4,Australia
2022-05-01,876,5.370964076515842e-4,Australia
2022-06-01,833,8.314925848432413e-4,Australia
2022-07-01,852,6.153155527486711e-4,Australia
2022-08-01,834,6.707202284877821e-4,Australia
2022-09-01,814,0.00100474636383667,Australia
2022-10-01,869,0.00162134960299113,Australia
2022-11-01,899,0.0022485184061285,Australia
2022-12-01,906,0.00245201224709286,Australia
2023-01-01,897,0.0022844338726173,Australia
2023-02-01,771,0.00273256390849874,Australia
2023-03-01,619,0.00352761094200938,Australia
2023-04-01,647,0.00342337779735429,Australia
2023-05-01,677,0.00342369262259094,Australia
2023-06-01,633,0.00422376120453922,Australia
2023-07-01,597,0.00464406986550486,Australia
2023-08-01,685,0.00475736086675023,Australia
2023-09-01,651,0.00417697538575862,Australia
2023-10-01,623,0.00437176440576074,Australia
2023-11-01,702,0.00501473316106633,Australia
2023-12-01,809,0.00600913887517716,Australia
2024-01-01,826,0.00298569426185444,Australia
2024-02-01,857,0.00154986033249916,Australia
2024-03-01,826,0.00104347639147646,Australia
2024-04-01,767,0.00117937791391563,Australia
2024-05-01,779,0.00126759832481638,Australia
2024-06-01,746,0.00117365652957814,Australia
2024-07-01,690,0.00119480356205156,Australia
2024-08-01,623,0.00102562392632563,Australia
2024-09-01,565,0.00118328979457388,Australia
2024-10-01,690,0.00120139648540399,Australia
2024-11-01,813,0.00121881969068633,Australia
2024-12-01,521,0.00118704407869674,Australia
2025-01-01,585,0.00128653506847055,Australia
2025-02-01,512,0.00144412618248007,Australia
2020-03-01,245,2.217962553890811e-4,New Zealand
2020-04-01,123,2.0523808112428551e-4,New Zealand
2020-08-01,60,5.986911839650396e-5,New Zealand
2020-09-01,29,6.470870843641543e-4,New Zealand
2020-10-01,44,6.414658836942394e-4,New Zealand
2020-11-01,36,9.097289402266774e-4,New Zealand
2020-12-01,35,0.001211444440526,New Zealand
2021-01-01,33,0.00167779527259949,New Zealand
2021-02-01,27,0.00142081091261815,New Zealand
2021-03-01,37,0.00144976390447495,New Zealand
2021-04-01,41,0.00146379926922722,New Zealand
2021-05-01,10,0.00254082555870044,New Zealand
2021-06-01,13,0.00223524472315483,New Zealand
2021-07-01,27,8.920828005334698e-4,New Zealand
2021-08-01,603,7.05685118497901e-5,New Zealand
2021-09-01,524,8.842545796949301e-5,New Zealand
2021-10-01,987,9.60888549722539e-5,New Zealand
2021-11-01,989,2.4068021698036516e-4,New Zealand
2021-12-01,908,0.00186410590780297,New Zealand
2022-01-01,689,0.00459341260627597,New Zealand
2022-02-01,609,0.00249861135150153,New Zealand
2022-03-01,726,7.664143613053163e-4,New Zealand
2022-04-01,834,2.9638719785982434e-4,New Zealand
2022-05-01,921,3.752420316005429e-4,New Zealand
2022-06-01,941,7.866165551425175e-4,New Zealand
2022-07-01,971,7.272974290855398e-4,New Zealand
2022-08-01,983,5.33418588295271e-4,New Zealand
2022-09-01,982,7.469575897529477e-4,New Zealand
2022-10-01,978,0.001230857579297,New Zealand
2022-11-01,971,0.00216778824898888,New Zealand
2022-12-01,936,0.00272566549430191,New Zealand
2023-01-01,912,0.00256414316812396,New Zealand
2023-02-01,724,0.00317450650259213,New Zealand
2023-03-01,978,0.00331897826481091,New Zealand
2023-04-01,969,0.00349152248528764,New Zealand
2023-05-01,959,0.00372702453735097,New Zealand
2023-06-01,915,0.0040747109379364,New Zealand
2023-07-01,409,0.00418773834971929,New Zealand
2023-08-01,575,0.00386203650605551,New Zealand
2023-09-01,651,0.00385300030416168,New Zealand
2023-10-01,944,0.0035773655202668,New Zealand
2023-11-01,948,0.00368150914899123,New Zealand
2023-12-01,909,0.00607185812087817,New Zealand
2024-01-01,964,0.00381138146236734,New Zealand
2024-02-01,205,0.00119698998733679,New Zealand
2024-03-01,565,7.732956080016974e-4,New Zealand
2024-04-01,669,0.00107213009304531,New Zealand
2024-05-01,961,0.00117958522177345,New Zealand
2024-06-01,979,0.0010569690191866,New Zealand
2024-07-01,354,9.846168597494869e-4,New Zealand
2024-08-01,327,0.0010522637470562,New Zealand
2024-09-01,245,9.966345073780009e-4,New Zealand
2024-10-01,292,0.00120765556161397,New Zealand
2024-11-01,319,0.00141003592593996,New Zealand
2024-12-01,261,0.00158160846849645,New Zealand
2025-01-01,257,0.00153118798115891,New Zealand
2025-02-01,177,0.00173132293541853,New Zealand
2020-02-01,8,3.737758839799656e-4,Brazil
2020-03-01,230,2.082270154768182e-4,Brazil
2020-04-01,656,2.6844093358752846e-4,Brazil
2020-05-01,324,3.989898513607215e-4,Brazil
2020-06-01,640,3.8638993630552736e-4,Brazil
2020-07-01,753,5.120561804755358e-4,Brazil
2020-08-01,738,7.363977902260942e-4,Brazil
2020-09-01,762,6.022221190120867e-4,Brazil
2020-10-01,756,7.72249741427157e-4,Brazil
2020-11-01,768,6.971495180762484e-4,Brazil
2020-12-01,658,0.00101359358221815,Brazil
2021-01-01,768,0.00148292202430118,Brazil
2021-02-01,809,0.00170357740781907,Brazil
2021-03-01,821,0.00114590338678365,Brazil
2021-04-01,886,9.560291724334444e-4,Brazil
2021-05-01,860,8.75207275573262e-4,Brazil
2021-06-01,873,9.572903530329151e-4,Brazil
2021-07-01,798,0.00159706527885426,Brazil
2021-08-01,806,0.00261657443749209,Brazil
2021-09-01,721,0.00135557807564474,Brazil
2021-10-01,693,8.870172728970355e-4,Brazil
2021-11-01,715,9.526143234257704e-4,Brazil
2021-12-01,565,0.00408732939482659,Brazil
2022-01-01,507,9.515515238860312e-4,Brazil
2022-02-01,427,7.877877680035741e-4,Brazil
2022-03-01,520,0.0019392068652329601,Brazil
2022-04-01,755,0.00188942439758515,Brazil
2022-05-01,784,0.00155016392699071,Brazil
2022-06-01,750,0.00121922196503261,Brazil
2022-07-01,818,7.502683726295647e-4,Brazil
2022-08-01,756,9.840771267017898e-4,Brazil
2022-09-01,517,0.00109961781554036,Brazil
2022-10-01,741,0.00139016569777616,Brazil
2022-11-01,695,0.00117250199426211,Brazil
2022-12-01,667,0.00115410675296556,Brazil
2023-01-01,624,0.00208869639582204,Brazil
2023-02-01,513,0.0024430477733314,Brazil
2023-03-01,539,0.00120734327803968,Brazil
2023-04-01,402,0.00134274571576942,Brazil
2023-05-01,481,0.00126095213228191,Brazil
2023-06-01,356,0.00124197616298863,Brazil
2023-07-01,148,0.00171668227867078,Brazil
2023-08-01,188,0.00161109051045062,Brazil
2023-09-01,384,0.00182293696321269,Brazil
2023-10-01,412,0.00178415106537469,Brazil
2023-11-01,584,0.00565858798754282,Brazil
2023-12-01,714,0.00521888337187118,Brazil
2024-01-01,548,0.0034255127230301,Brazil
2024-02-01,506,0.00199918869992764,Brazil
2024-03-01,273,9.924683323559965e-4,Brazil
2024-04-01,123,0.00108400466354927,Brazil
2024-05-01,99,7.773350876173369e-4,Brazil
2024-06-01,116,9.361548918317404e-4,Brazil
2024-07-01,157,0.0011937504970107,Brazil
2024-08-01,218,0.00129598220037149,Brazil
2024-09-01,166,0.00130968286001881,Brazil
2024-10-01,120,0.00183215739359404,Brazil
2024-11-01,102,0.00196471986678108,Brazil
2024-12-01,261,0.00240216356344316,Brazil
2025-01-01,348,0.00241128590412582,Brazil
2025-02-01,258,0.0026663604772156,Brazil
2020-05-01,24,2.1996069788824863e-4,Argentina
2020-06-01,9,3.3459447467769246e-4,Argentina
2020-07-01,13,4.0254631064240193e-4,Argentina
2020-10-01,34,7.480847816982271e-4,Argentina
2020-11-01,29,9.267064157986044e-4,Argentina
2020-12-01,43,8.46935588273984e-4,Argentina
2021-01-01,31,0.00131370822730921,Argentina
2021-02-01,30,0.00217299678598264,Argentina
2021-03-01,136,0.00241298596643464,Argentina
2021-04-01,407,0.00281827145747016,Argentina
2021-05-01,382,0.00265456992276362,Argentina
2021-06-01,567,0.00246722463317555,Argentina
2021-07-01,495,0.00261386024408852,Argentina
2021-08-01,624,0.00286061166039357,Argentina
2021-09-01,365,0.00315220682129666,Argentina
2021-10-01,272,0.00326315609875221,Argentina
2021-11-01,423,0.0016528652745222,Argentina
2021-12-01,680,0.00397014924868623,Argentina
2022-01-01,220,0.00235418284763739,Argentina
2022-02-01,39,0.00149402347687472,Argentina
2022-03-01,16,0.00271772519101291,Argentina
2022-04-01,37,0.00203181120341441,Argentina
2022-05-01,340,0.00136169356656987,Argentina
2022-06-01,484,0.00108294507029179,Argentina
2022-07-01,597,7.600550668054746e-4,Argentina
2022-08-01,424,5.373550987745243e-4,Argentina
2022-09-01,126,5.518466139105407e-4,Argentina
2022-10-01,32,0.00120123114425112,Argentina
2022-11-01,82,0.00154673120014491,Argentina
2022-12-01,683,0.0010473878001506,Argentina
2023-01-01,378,0.00126170049742712,Argentina
2023-02-01,29,0.00259001077067524,Argentina
2023-03-01,41,0.00121585710906859,Argentina
2023-04-01,45,4.590801463984952e-4,Argentina
2023-05-01,54,0.00107786442057565,Argentina
2023-06-01,40,0.00114324928406715,Argentina
2023-07-01,73,0.00115423198027535,Argentina
2023-08-01,115,0.00137163598242225,Argentina
2023-09-01,81,0.00169826432728781,Argentina
2023-10-01,47,0.00202130412406467,Argentina
2023-11-01,46,0.00253287478007502,Argentina
2023-12-01,61,0.00472652091449029,Argentina
2024-01-01,187,0.00460445550425935,Argentina
2024-02-01,69,0.00342895320297811,Argentina
2024-03-01,23,4.343232644406866e-4,Argentina
2024-04-01,6,7.534086118444886e-4,Argentina
2024-07-01,5,8.408882897740395e-4,Argentina
2024-08-01,15,6.123156299386704e-4,Argentina
2024-09-01,51,7.688024257442332e-4,Argentina
2024-10-01,41,0.00133581660797409,Argentina
2024-11-01,24,0.00145188696462512,Argentina
2025-01-01,7,0.0020286520995027,Argentina
2025-02-01,7,0.00213052806757973,Argentina
2020-02-01,106,2.7221204029578464e-4,United Kingdom
2020-03-01,698,2.477794130714881e-4,United Kingdom
2020-04-01,808,2.424124001350698e-4,United Kingdom
2020-05-01,738,3.720815008354284e-4,United Kingdom
2020-06-01,774,3.27934801667878e-4,United Kingdom
2020-07-01,701,4.629468117763204e-4,United Kingdom
2020-08-01,832,5.954541430014346e-4,United Kingdom
2020-09-01,870,7.3521243381115e-4,United Kingdom
2020-10-01,860,7.61405945047781e-4,United Kingdom
2020-11-01,885,0.00100511552623962,United Kingdom
2020-12-01,866,0.00140440048725013,United Kingdom
2021-01-01,917,7.711914578746168e-4,United Kingdom
2021-02-01,936,4.929843598282798e-4,United Kingdom
2021-03-01,953,4.668115894676279e-4,United Kingdom
2021-04-01,919,6.573187836101321e-4,United Kingdom
2021-05-01,782,0.00218051874385177,United Kingdom
2021-06-01,554,7.484107410845287e-4,United Kingdom
2021-07-01,653,4.926946743985566e-4,United Kingdom
2021-08-01,730,5.330064160896395e-4,United Kingdom
2021-09-01,651,5.904763302624994e-4,United Kingdom
2021-10-01,810,6.97604879499251e-4,United Kingdom
2021-11-01,934,8.639605627813941e-4,United Kingdom
2021-12-01,417,0.0014811737774456399,United Kingdom
2022-01-01,565,9.07374710499388e-4,United Kingdom
2022-02-01,820,0.00195246194044385,United Kingdom
2022-03-01,902,9.524667879008264e-4,United Kingdom
2022-04-01,891,4.592660271074215e-4,United Kingdom
2022-05-01,855,6.616038486679005e-4,United Kingdom
2022-06-01,892,7.293062688725253e-4,United Kingdom
2022-07-01,878,4.1343673346138586e-4,United Kingdom
2022-08-01,871,4.151824010484812e-4,United Kingdom
2022-09-01,874,7.544294981006377e-4,United Kingdom
2022-10-01,779,0.00105148715115271,United Kingdom
2022-11-01,870,0.0016673146225499,United Kingdom
2022-12-01,852,0.00199610622164147,United Kingdom
2023-01-01,833,0.00253720942371485,United Kingdom
2023-02-01,670,0.00326348506547106,United Kingdom
2023-03-01,517,0.00302799584256368,United Kingdom
2023-04-01,304,0.0027809985067674,United Kingdom
2023-05-01,510,0.00171141089885774,United Kingdom
2023-06-01,742,0.00153576969272628,United Kingdom
2023-07-01,745,0.00169943505060112,United Kingdom
2023-08-01,729,0.00202346773002853,United Kingdom
2023-09-01,765,0.00222961627180187,United Kingdom
2023-10-01,740,0.00267114364194184,United Kingdom
2023-11-01,639,0.00447709574928689,United Kingdom
2023-12-01,434,0.00618587233707816,United Kingdom
2024-01-01,370,0.0038008801366278,United Kingdom
2024-02-01,474,0.00188675609457384,United Kingdom
2024-03-01,539,0.00128173473726444,United Kingdom
2024-04-01,306,0.00156350365782794,United Kingdom
2024-05-01,296,0.00132565131901327,United Kingdom
2024-06-01,214,0.00117985006264536,United Kingdom
2024-07-01,151,8.851792513507711e-4,United Kingdom
2024-08-01,215,9.095681428763356e-4,United Kingdom
2024-09-01,152,0.00106557067178776,United Kingdom
2024-10-01,191,8.671332076470907e-4,United Kingdom
2024-11-01,132,0.00111099056380681,United Kingdom
2024-12-01,122,0.00131658034398819,United Kingdom
2025-01-01,67,0.00163114272868046,United Kingdom
2025-02-01,68,0.00207431866712591,United Kingdom
2020-01-01,6,8.721437292865865e-5,Germany
2020-02-01,19,2.1117301438982816e-4,Germany
2020-03-01,732,2.0656902590210143e-4,Germany
2020-04-01,360,2.5421969349077384e-4,Germany
2020-05-01,121,6.603462800576478e-4,Germany
2020-06-01,624,7.776349450819414e-5,Germany
2020-07-01,104,3.9234974370564216e-4,Germany
2020-08-01,318,7.738755609226498e-4,Germany
2020-09-01,379,7.904676844112795e-4,Germany
2020-10-01,599,7.917903305332204e-4,Germany
2020-11-01,653,7.486131520047356e-4,Germany
2020-12-01,651,9.48681907018411e-4,Germany
2021-01-01,823,0.00127155306095729,Germany
2021-02-01,787,0.00144431504563624,Germany
2021-03-01,783,0.00112332645319674,Germany
2021-04-01,760,7.325928606810348e-4,Germany
2021-05-01,768,0.00112928680817336,Germany
2021-06-01,709,0.00177899295265054,Germany
2021-07-01,584,0.00115151965724632,Germany
2021-08-01,633,7.995998524313673e-4,Germany
2021-09-01,624,8.715115597923155e-4,Germany
2021-10-01,701,9.250021819320096e-4,Germany
2021-11-01,672,9.488593254073774e-4,Germany
2021-12-01,657,0.00240504669500932,Germany
2022-01-01,525,0.00273164285479422,Germany
2022-02-01,589,0.00209314467702598,Germany
2022-03-01,617,0.00157800273668129,Germany
2022-04-01,729,6.02047350937212e-4,Germany
2022-05-01,761,7.33776681785803e-4,Germany
2022-06-01,791,7.533419934219112e-4,Germany
2022-07-01,802,4.4037390288892913e-4,Germany
2022-08-01,832,4.320124393615216e-4,Germany
2022-09-01,876,5.664804902628786e-4,Germany
2022-10-01,747,7.838586208413115e-4,Germany
2022-11-01,745,0.00118233151931397,Germany
2022-12-01,760,0.00131172539688394,Germany
2023-01-01,685,0.00211285789760481,Germany
2023-02-01,631,0.00319554107921854,Germany
2023-03-01,600,0.00258557168186402,Germany
2023-04-01,594,0.00197553754526459,Germany
2023-05-01,369,0.00186137466471501,Germany
2023-06-01,281,0.00191552717541265,Germany
2023-07-01,220,0.00169023785993923,Germany
2023-08-01,441,0.00202666009958378,Germany
2023-09-01,656,0.00248429785899921,Germany
2023-10-01,608,0.00328155842837247,Germany
2023-11-01,515,0.00528848569152813,Germany
2023-12-01,349,0.00608142688671477,Germany
2024-01-01,370,0.00281833993916801,Germany
2024-02-01,140,0.00166849096654462,Germany
2024-03-01,176,8.385118645644369e-4,Germany
2024-04-01,123,0.00100628097761942,Germany
2024-05-01,186,0.00133030518385684,Germany
2024-06-01,300,0.00115265323477468,Germany
2024-07-01,655,0.0010388115266496,Germany
2024-08-01,562,8.67667267770615e-4,Germany
2024-09-01,603,9.40076020183168e-4,Germany
2024-10-01,648,0.00104930202647379,Germany
2024-11-01,541,9.30090448904424e-4,Germany
2024-12-01,385,0.00104279656170868,Germany
2025-01-01,313,0.00111075550571592,Germany
2025-02-01,196,0.00118100614112434,Germany
2020-01-01,14,3.2202230004427804e-4,France
2020-02-01,39,7.353544354343797e-5,France
2020-03-01,855,1.3555619109563874e-4,France
2020-04-01,858,1.300439170740507e-4,France
2020-05-01,145,1.995457793676748e-4,France
2020-06-01,25,3.9251035689971887e-4,France
2020-07-01,88,4.457241236944992e-4,France
2020-08-01,278,5.728620721689746e-4,France
2020-09-01,390,5.280429270152826e-4,France
2020-10-01,636,5.600165108244124e-4,France
2020-11-01,509,5.881094897647331e-4,France
2020-12-01,642,0.00107489957660402,France
2021-01-01,790,0.00194977573579938,France
2021-02-01,692,0.00172548984243993,France
2021-03-01,621,0.00125358579646673,France
2021-04-01,674,0.00117911881790219,France
2021-05-01,675,0.0010886430043811,France
2021-06-01,684,0.00249742523864472,France
2021-07-01,521,0.0010997494051275,France
2021-08-01,399,8.994973455112437e-4,France
2021-09-01,478,0.00101613897416958,France
2021-10-01,735,9.842188811348069e-4,France
2021-11-01,759,0.00107031999612792,France
2021-12-01,507,0.00359357199319872,France
2022-01-01,388,0.00237552124087108,France
2022-02-01,533,0.002161306746496,France
2022-03-01,602,0.00124032878978272,France
2022-04-01,623,6.018795773067378e-4,France
2022-05-01,803,8.767290604232785e-4,France
2022-06-01,852,7.757194559955298e-4,France
2022-07-01,816,5.424296811678512e-4,France
2022-08-01,864,4.602522834592504e-4,France
2022-09-01,860,6.687491649449239e-4,France
2022-10-01,847,9.099742255435156e-4,France
2022-11-01,859,9.91288612845263e-4,France
2022-12-01,835,0.00103000397267731,France
2023-01-01,819,0.00180415871769632,France
2023-02-01,698,0.00299879988865392,France
2023-03-01,821,0.00189748670688089,France
2023-04-01,739,0.00126954941257481,France
2023-05-01,817,0.00160415306271649,France
2023-06-01,814,0.00143551450319228,France
2023-07-01,792,0.00180637528764468,France
2023-08-01,539,0.00246520669518609,France
2023-09-01,544,0.00253743179422773,France
2023-10-01,591,0.00366595984062281,France
2023-11-01,748,0.00615301750315112,France
2023-12-01,851,0.00414705275057281,France
2024-01-01,863,0.00116268098714802,France
2024-02-01,556,0.00105350660401545,France
2024-03-01,318,0.00138510509835445,France
2024-04-01,381,0.00167863627525952,France
2024-05-01,806,0.00130409050616699,France
2024-06-01,934,0.00139495655252971,France
2024-07-01,950,0.00111500517422394,France
2024-08-01,959,8.65705804543834e-4,France
2024-09-01,927,8.252252362697036e-4,France
2024-10-01,951,9.446328708378504e-4,France
2024-11-01,913,0.00111589556565546,France
2024-12-01,709,0.00117571041276375,France
2025-01-01,323,0.00140963668701773,France
2025-02-01,188,0.00182471116915909,France
2020-02-01,116,2.106267658494137e-4,Italy
2020-03-01,614,1.2503836590085498e-4,Italy
2020-04-01,370,3.784676101030831e-4,Italy
2020-05-01,79,2.3371326049624735e-4,Italy
2020-06-01,141,3.476525815126077e-4,Italy
2020-07-01,49,9.065606606398392e-4,Italy
2020-08-01,156,6.43717345639176e-4,Italy
2020-09-01,269,7.369146982804472e-4,Italy
2020-10-01,443,8.706386673336308e-4,Italy
2020-11-01,473,8.796367452763092e-4,Italy
2020-12-01,846,0.00123592097119746,Italy
2021-01-01,826,0.00174085251508514,Italy
2021-02-01,724,0.00182835523604205,Italy
2021-03-01,732,0.00115365004968277,Italy
2021-04-01,839,0.00105599520755483,Italy
2021-05-01,767,0.00162566542664707,Italy
2021-06-01,760,0.00268563384236372,Italy
2021-07-01,676,0.00144629116010508,Italy
2021-08-01,654,8.351539651889917e-4,Italy
2021-09-01,571,0.0010344119180802,Italy
2021-10-01,663,0.00118369204436201,Italy
2021-11-01,689,0.00101427254978354,Italy
2021-12-01,566,0.00317911596625403,Italy
2022-01-01,344,0.00331765916966005,Italy
2022-02-01,235,0.0025622317110918498,Italy
2022-03-01,407,0.00190674444962516,Italy
2022-04-01,341,0.00103831030107239,Italy
2022-05-01,486,7.972414057647213e-4,Italy
2022-06-01,521,0.00103223718471634,Italy
2022-07-01,520,5.078806167211153e-4,Italy
2022-08-01,604,4.6273779241327e-4,Italy
2022-09-01,539,7.224745286441044e-4,Italy
2022-10-01,481,9.781910069108614e-4,Italy
2022-11-01,610,0.0013558897837249,Italy
2022-12-01,576,0.00141882878154791,Italy
2023-01-01,579,0.00177069376996018,Italy
2023-02-01,525,0.00273985857848671,Italy
2023-03-01,549,0.00298095853855643,Italy
2023-04-01,510,0.00199662421588765,Italy
2023-05-01,490,0.00198843251010019,Italy
2023-06-01,278,0.00158564316494591,Italy
2023-07-01,200,0.00243020470088737,Italy
2023-08-01,375,0.00209901675222988,Italy
2023-09-01,426,0.00238844230105541,Italy
2023-10-01,390,0.00305682904824226,Italy
2023-11-01,362,0.00432592997720031,Italy
2023-12-01,392,0.00599104236109363,Italy
2024-01-01,472,0.00264825380637154,Italy
2024-02-01,147,0.00173734337249118,Italy
2024-03-01,24,0.00198598014836877,Italy
2024-04-01,28,0.0014739934250084,Italy
2024-05-01,65,0.00209955593889212,Italy
2024-06-01,139,0.00177786344786185,Italy
2024-07-01,210,0.00117845562221777,Italy
2024-08-01,405,9.95864742666321e-4,Italy
2024-09-01,300,0.00106254496643029,Italy
2024-10-01,368,0.00117925270248917,Italy
2024-11-01,177,0.00253466383783087,Italy
2024-12-01,146,0.00120291574645759,Italy
2025-01-01,171,0.00158863846667491,Italy
2025-02-01,45,0.0020595301249506,Italy
2020-03-01,146,1.2648349918071224e-4,Russia
2020-04-01,181,6.932451666674926e-5,Russia
2020-05-01,207,1.35286603890248e-4,Russia
2020-06-01,125,2.5466269406945106e-4,Russia
2020-07-01,89,3.5825865158609814e-4,Russia
2020-08-01,55,6.88849367448777e-4,Russia
2020-09-01,321,4.827666161340609e-4,Russia
2020-10-01,169,7.009694939268936e-4,Russia
2020-11-01,258,7.229356440789312e-4,Russia
2020-12-01,248,8.788175001046721e-4,Russia
2021-01-01,92,0.00111741197367786,Russia
2021-02-01,225,0.00159146109558358,Russia
2021-03-01,180,0.00188179335828366,Russia
2021-04-01,157,0.00236717193158496,Russia
2021-05-01,376,0.00212157124268314,Russia
2021-06-01,342,7.464092640952427e-4,Russia
2021-07-01,220,5.370769209715491e-4,Russia
2021-08-01,35,3.950738451286117e-4,Russia
2021-09-01,109,8.041321367503986e-4,Russia
2021-10-01,438,7.308238329366018e-4,Russia
2021-11-01,336,8.229099810457448e-4,Russia
2021-12-01,279,0.00401440824954167,Russia
2022-01-01,525,0.00448242343519565,Russia
2022-02-01,322,0.0024464727152124,Russia
2022-03-01,104,0.00258536788221374,Russia
2022-04-01,18,0.00362629964352053,Russia
2022-05-01,66,0.00187336131669728,Russia
2022-06-01,30,0.0023707835332561,Russia
2022-07-01,495,5.585249928821395e-4,Russia
2022-08-01,745,3.4815200963181467e-4,Russia
2022-09-01,647,6.635594596879848e-4,Russia
2022-10-01,876,8.712898793617467e-4,Russia
2022-11-01,734,0.00168502780233837,Russia
2022-12-01,516,0.00205010064567863,Russia
2023-01-01,243,0.00294530013343919,Russia
2023-02-01,280,0.00352348189297329,Russia
2023-03-01,373,0.00198622597070855,Russia
2023-04-01,350,0.00151804748761951,Russia
2023-05-01,270,0.00118698901263363,Russia
2023-06-01,165,0.0010402188021693,Russia
2023-07-01,86,0.00176171178395489,Russia
2023-08-01,129,0.0019092045086053,Russia
2023-09-01,635,0.00173953000751201,Russia
2023-10-01,833,0.00181332019196799,Russia
2023-11-01,898,0.00200544479282946,Russia
2023-12-01,703,0.0031410036336906,Russia
2024-01-01,538,0.00444006976876899,Russia
2024-02-01,591,0.00269570634896304,Russia
2024-03-01,454,0.00221844896161316,Russia
2024-04-01,520,0.00159111263096896,Russia
2024-05-01,533,0.001058178537538,Russia
2024-06-01,320,0.00108089504006884,Russia
2024-07-01,204,0.00171918203569893,Russia
2024-08-01,379,0.00167706361138223,Russia
2024-09-01,366,0.0017686399832855,Russia
2024-10-01,69,0.00158675793894576,Russia
2024-11-01,245,0.00191966924435533,Russia
2024-12-01,85,0.00234644711596244,Russia
2025-01-01,13,0.0037866526830861,Russia
2025-02-01,91,0.00143912465276073,Russia
2020-03-01,30,2.2918457881037287e-4,South Africa
2020-04-01,154,1.9526665244278256e-4,South Africa
2020-05-01,274,2.2046016655664268e-4,South Africa
2020-06-01,261,4.582301311190145e-4,South Africa
2020-07-01,789,3.868896816764256e-4,South Africa
2020-08-01,338,4.862802165015384e-4,South Africa
2020-09-01,382,4.872264763780801e-4,South Africa
2020-10-01,381,8.642483769747231e-4,South Africa
2020-11-01,208,0.00129837372054289,South Africa
2020-12-01,232,8.554930185759151e-4,South Africa
2021-01-01,160,8.894272621356977e-4,South Africa
2021-02-01,78,0.00136354757158908,South Africa
2021-03-01,128,0.00141296396545465,South Africa
2021-04-01,152,0.00161627253610104,South Africa
2021-05-01,265,0.00233503367187675,South Africa
2021-06-01,446,0.00192997400214622,South Africa
2021-07-01,435,8.066883674208128e-4,South Africa
2021-08-01,388,7.825171614940004e-4,South Africa
2021-09-01,394,9.596930786120114e-4,South Africa
2021-10-01,264,0.00133172297472964,South Africa
2021-11-01,451,0.00202038350685606,South Africa
2021-12-01,527,9.009097413272444e-4,South Africa
2022-01-01,498,0.00212338574495444,South Africa
2022-02-01,370,0.00141252629413824,South Africa
2022-03-01,525,0.00116675708625948,South Africa
2022-04-01,778,9.50315195007686e-4,South Africa
2022-05-01,780,6.624415757151897e-4,South Africa
2022-06-01,622,7.472303384479568e-4,South Africa
2022-07-01,381,7.551469109959287e-4,South Africa
2022-08-01,251,0.00120543414622848,South Africa
2022-09-01,477,8.575241597106729e-4,South Africa
2022-10-01,652,8.816399236833588e-4,South Africa
2022-11-01,519,0.00109162957563068,South Africa
2022-12-01,140,0.00143264038269011,South Africa
2023-01-01,712,0.00240828899665027,South Africa
2023-02-01,724,0.00211186945916874,South Africa
2023-03-01,433,0.00107233511190346,South Africa
2023-04-01,200,0.00135199669540227,South Africa
2023-05-01,167,0.0010485670609659,South Africa
2023-06-01,53,0.00172204693475316,South Africa
2023-07-01,50,0.00236321609396881,South Africa
2023-08-01,87,0.00246912532368192,South Africa
2023-09-01,131,0.00393339472424033,South Africa
2023-10-01,140,0.00469558895428616,South Africa
2023-11-01,121,0.00637237550446265,South Africa
2023-12-01,40,0.00412021656265305,South Africa
2024-01-01,54,0.00152587572152372,South Africa
2024-02-01,78,0.00132670279409723,South Africa
2024-03-01,6,0.00133488674087824,South Africa
2024-04-01,31,0.00122037068995475,South Africa
2024-05-01,82,0.0010828981929682,South Africa
2024-06-01,23,0.00159803353609832,South Africa
2024-07-01,42,0.00119708263840939,South Africa
2024-08-01,80,0.00160744132301574,South Africa
2024-09-01,59,0.00173833563593397,South Africa
2024-10-01,41,0.0013226215166393,South Africa
2024-11-01,36,0.00317393147034328,South Africa
2024-12-01,64,0.00211278737159218,South Africa
2025-01-01,55,0.00201819344106967,South Africa
2025-02-01,26,0.00147131031922032,South Africa
